{
    "source": {
        "scale": [
            1.0,
            1.0,
            1.0
        ],
        "trans": [
            0.0,
            0.0,
            0.0
        ],
        "rot": [
            1.0,
            0.0,
            0.0,
            0.0
        ],
        "readme": "rot is a quaternion in (r,x,y,z) format"
    },
    "target": {
        "trans": [
            -0.5139999985694885,
            -0.05700000002980232,
            0.0
        ],
        "rot": [
            0.16256825625896454,
            0.8812099099159241,
            0.31387951970100403,
            -0.31387951970100403
        ],
        "readme": "rot is a quaternion in (r,x,y,z) format"
    }
}