{
    "source": {
        "scale": [
            1.0,
            1.0,
            1.0
        ],
        "trans": [
            0.0,
            0.0,
            0.0
        ],
        "rot": [
            0.32591304183006287,
            0.6060918569564819,
            0.7093361616134644,
            -0.15256346762180328
        ],
        "readme": "rot is a quaternion in (r,x,y,z) format"
    },
    "target": {
        "trans": [
            -0.4000000059604645,
            -0.0,
            -0.5709999799728394
        ],
        "rot": [
            0.1343884915113449,
            0.0,
            -0.9909287095069885,
            0.0
        ],
        "readme": "rot is a quaternion in (r,x,y,z) format"
    }
}