{
    "source": {
        "scale": [
            0.5870000123977661,
            0.5870000123977661,
            0.5870000123977661
        ],
        "trans": [
            0.809249758720398,
            0.0,
            0.42486560344696045
        ],
        "rot": [
            0.9989876747131348,
            0.03982926905155182,
            0.0,
            0.020910833030939102
        ],
        "readme": "rot is a quaternion in (r,x,y,z) format"
    },
    "target": {
        "trans": [
            -0.2027551382780075,
            -0.11400000005960464,
            -0.10644882917404175
        ],
        "rot": [
            -0.9829204678535461,
            -0.035453397780656815,
            -0.17844806611537933,
            -0.027689173817634583
        ],
        "readme": "rot is a quaternion in (r,x,y,z) format"
    }
}