{
    "source": {
        "scale": [
            1.0,
            1.0,
            1.0
        ],
        "trans": [
            0.0,
            0.0,
            0.0
        ],
        "rot": [
            1.0,
            0.0,
            0.0,
            0.0
        ],
        "readme": "rot is a quaternion in (r,x,y,z) format"
    },
    "target": {
        "trans": [
            0.2562878727912903,
            -0.27283352613449097,
            -0.2689226567745209
        ],
        "rot": [
            -0.9231961965560913,
            0.02410997450351715,
            0.38348060846328735,
            -0.00837446004152298
        ],
        "readme": "rot is a quaternion in (r,x,y,z) format"
    }
}